"signature","wcs","tau"
"Food-derived Compounds Apigenin and Luteolin Modulate mRNA Splicing of Introns with Weak Splice Sites GSE128097_1",-0.000299952573578611,-100
"Intermittent Drug Treatment of BRAFV600E Melanoma Cells Delays Resistance by Sensitizing Cells to Rechallenge GSE117123_4",-0.000214132408745812,-100
"SUM52PE treated with PI3K-mTOR inhibitors GSE123740_3",-0.000246290262416063,-100
"Combined MEKi (GDC-0973) and WNT (G007-LK) treatment in APC and KRAS mutant HCT-15 cell line GSE123807_3",-0.000698689665875606,-100
"RNA-seq of HL-60 cells following treatment with different compounds GSE124422_3",-0.000456887608314159,-100
"Gene expression profiles in HMC3 cells after exposure to ketamine or its active metabolites: 2R6R-HNK and 2S6S-HNK GSE134782_3",-0.000356339928855401,-100
"Transcriptional responses to TNF following HFl treatment of primary rheumatoid arthritis fibroblast like synoviocytes (RA-FLS) GSE145204_1",-0.00142804122775014,-100
"RNA Sequencing facilitates quantitative analysis of differently expressed genes with GA or SKN treatment in rheumatoid fibroblast-like synoviocytes GSE155766_1",-0.00140571771962787,-100
"RNA Sequencing facilitates quantitative analysis of differently expressed genes with GA or SKN treatment in rheumatoid fibroblast-like synoviocytes GSE155766_2",-0.000619099487267653,-100
"RNA-Seq analysis RPE1 cells following exposure to Nutlin-3 to identify target genes of p53 [tpo12] GSE86104_1",-0.000435433832198169,-100
"Expression levels of genes of NKG2C+ NK cells after in vitro treatment GSE109823_1",-0.000570853708007349,-100
"Identification of Drugs Blocking SARS-CoV-2 Infection using Human Pluripotent Stem Cell-derived Colonic Organoids GSE148696_1",-0.000362372206284811,-100
"RNA sequencing of human fibroblasts after SUPT4H1 siRNA treatment GSE83484_1",-0.000427456546363574,-100
"RNA-seq of human foreskin fibroblast cells lacking RB and/or p130 after doxorubicin treatment GSE128711_3",-0.000336203475970781,-100
"RNA Sequencing Facilitates Quantitative Analysis of Transcriptomes of H1 derived cells with or without SB431542 treatment at Day8 after human early hematopoietic differentiation . GSE134908_1",-0.0004827950294598,-100
"Licochalcone A suppresses the proliferation of sarcoma HT-1080 cells, as a selective R132C mutant IDH1 inhibitor GSE137934_1",-0.00107589744173509,-100
"Genome-wide transcriptome alternation by DNA methylation inhibitor 5'-Aza in primary leiomyoma cells GSE138045_1",-0.00026575109999002,-100
"Caco2 response to methotrexate, lactoferrin, and methotrexate-lactoferrin co-exposure GSE140066_2",-0.000167922598267423,-99.2650115821856
"RNA-sequencing experiment: Treatment of MCF-7 breast cancer cells with the novel small molecule ZNA GSE59251_2",-0.000144466381341958,-84.1858375312788
"Drug-induced mitochondrial oxidative stress is responsible for various effects of the survivin inhibitor Sepantronium Bromide (YM155) in triple negative breast cancer cells GSE139364_1",-0.000131888730900003,-76.1001099491891
"Genes regulated by COUP-TFII inhibitor GSE142475_3",-0.000112913944039207,-63.9018891294378
"Gene expression profiling of drug-tolerant persister BT474 breast cancer cells derived from lapatinib treatment GSE84896_1",-8.77686376931006e-05,-47.7368591008879
"Transcriptome profiling of HepG2 cells upon treatment of the menin-MLL inhibitor MI-503 or DMSO GSE103327_1",-5.07731999321194e-05,-23.9537977973533
"RNA sequencing of HepG2 cells treated with estradiol or estrogen receptor agonist GSE112983_3",-3.41598509516183e-05,-13.2736620516155
"RNA-seq in HT-29 colorectal cancer cells after F. nucleatum treatment GSE90944_1",-7.00786235577312e-06,4.18139317600317
"Transcriptome analysis of Riociguat and Vehicle control treatment in human hematopoietic stem and progenitor cells GSE130126_1",-5.01998691474718e-06,5.45932814147544
"Enhancement of Human B Cell Differentiation and Function in Lymph Nodes by the TLR9 Agonist MGN1703 GSE130307_1",-1.78113056211563e-08,8.67505030515162
"Defining a microRNA-mRNA targetome for calcineurin inhibitor induced nephrotoxicity GSE98670_1",-1.78113056211563e-08,8.67505030515162
"Expression Profiling of U2OS Cell Lines Transfected with MicroRNA-571 Mimic or MicroRNA-571 Inhibitor vs. MicroRNA-Control Transfected U2OS Cell Lines GSE118998_2",-1.78113056211563e-08,8.67505030515162
"Gene expression profile of a FLT3-ITD acute myeloid leukemia cell line treated with FLT3 inhibitors for six and twelve hours GSE121272_1",-1.78113056211563e-08,8.67505030515162
"BI-3406, a potent and selective SOS1::KRAS interaction inhibitor, is effective in KRAS-driven cancers through combined MEK inhibition GSE128385_1",-1.78113056211563e-08,8.67505030515162
"BI-3406, a potent and selective SOS1::KRAS interaction inhibitor, is effective in KRAS-driven cancers through combined MEK inhibition GSE128385_2",-1.78113056211563e-08,8.67505030515162
"Visualization and Sequencing of Accessible Chromatin Reveals Cell Cycle and Post-HDAC inhibitor Treatment Dynamics GSE139253_1",-1.78113056211563e-08,8.67505030515162
"Effect of ER stress on MUC1 kidney disease patient derived cells and and treatment by BRD4780 GSE129942_1",-1.78113056211563e-08,8.67505030515162
"DPN and Tamoxifen treatments of parathyroid adenoma cells GSE37211_1",-1.78113056211563e-08,8.67505030515162
"High Resolution Mapping of RNA Polymerases Identifies Mechanisms of Sensitivity and Resistance to BET Inhibitors in t(8;21) AML GSE83660_1",-1.78113056211563e-08,8.67505030515162
"High Resolution Mapping of RNA Polymerases Identifies Mechanisms of Sensitivity and Resistance to BET Inhibitors in t(8;21) AML GSE83660_2",-1.78113056211563e-08,8.67505030515162
"Transcriptome analysis of dominant-negative Brd4 mutants identifies Brd4-specific target genes of BET inhibitor JQ1 GSE92456_2",-1.78113056211563e-08,8.67505030515162
"Synergistic activity of BET inhibitor BI 894999 with PLK inhibitor volasertib in AML in vitro and in vivo GSE103068_1",-1.78113056211563e-08,8.67505030515162
"A cell-permeable stapled peptide inhibitor of the estrogen receptor/coactivator interaction GSE108308_1",-1.78113056211563e-08,8.67505030515162
"A cell-permeable stapled peptide inhibitor of the estrogen receptor/coactivator interaction GSE108308_2",-1.78113056211563e-08,8.67505030515162
"RNA-Seq with DHT induction and/or GSK treatment at 24, 48 hrs and 2 weeks GSE114267_2",-1.78113056211563e-08,8.67505030515162
"RNA-Seq with DHT induction and/or GSK treatment at 24, 48 hrs and 2 weeks GSE114267_3",-1.78113056211563e-08,8.67505030515162
"RNA-Seq with DHT induction and/or GSK treatment at 24, 48 hrs and 2 weeks GSE114267_4",-1.78113056211563e-08,8.67505030515162
"Effects of HSP90 inhibitors on airway goblet cell metaplasia GSE116927_3",-1.78113056211563e-08,8.67505030515162
"RNA-seq of HL-60 cells following treatment with different compounds GSE124422_1",-1.78113056211563e-08,8.67505030515162
"Gene expression profiles in HMC3 cells after exposure to ketamine or its active metabolites: 2R6R-HNK and 2S6S-HNK GSE134782_2",-1.78113056211563e-08,8.67505030515162
"Gene expression profiles in HMC3 cells after exposure to ketamine or its active metabolites: 2R6R-HNK and 2S6S-HNK GSE134782_5",-1.78113056211563e-08,8.67505030515162
"Effect of venetoclax, tedizolid, and combination treatment on gene expression in a venetoclax-resistant AML cell line GSE136032_2",-1.78113056211563e-08,8.67505030515162
"Effect of venetoclax, tedizolid, and combination treatment on gene expression in a venetoclax-resistant AML cell line GSE136032_3",-1.78113056211563e-08,8.67505030515162
"Transcriptional responses to TNF following HFl treatment of primary rheumatoid arthritis fibroblast like synoviocytes (RA-FLS) GSE145204_3",-1.78113056211563e-08,8.67505030515162
"Expression analysis after co-treatment of GSK126 and pomalidomide GSE147320_2",-1.78113056211563e-08,8.67505030515162
"Modulating Androgen Receptor-driven Transcription in Prostate Cancer with Selective CDK9 Inhibitors [SLAM-seq] GSE156884_1",-1.78113056211563e-08,8.67505030515162
"Modulating Androgen Receptor-driven Transcription in Prostate Cancer with Selective CDK9 Inhibitors [SLAM-seq] GSE156884_2",-1.78113056211563e-08,8.67505030515162
"Modulating Androgen Receptor-driven Transcription in Prostate Cancer with Selective CDK9 Inhibitors [SLAM-seq] GSE156884_3",-1.78113056211563e-08,8.67505030515162
"HDAC inhibitors result in widespread alteration of the histone acetylation landscape and BRD4 targeting to gene bodies  GSE159620_2",-1.78113056211563e-08,8.67505030515162
"SPOP mutation confers intrinsic BET inhibitor resistance in prostate cancer GSE88872_1",-1.78113056211563e-08,8.67505030515162
"Distinct gene regulatory programs define the inhibitory effects of LXRs and PPARG on cancer cell proliferation GSE77039_1",-1.78113056211563e-08,8.67505030515162
"A total RNA-Seq screen reveals that the splicing inhibitor Isoginkgetin blocks transcription elongation GSE86857_13",-1.78113056211563e-08,8.67505030515162
"A total RNA-Seq screen reveals that the splicing inhibitor Isoginkgetin blocks transcription elongation GSE86857_14",-1.78113056211563e-08,8.67505030515162
"A total RNA-Seq screen reveals that the splicing inhibitor Isoginkgetin blocks transcription elongation GSE86857_20",-1.78113056211563e-08,8.67505030515162
"A total RNA-Seq screen reveals that the splicing inhibitor Isoginkgetin blocks transcription elongation GSE86857_21",-1.78113056211563e-08,8.67505030515162
"A total RNA-Seq screen reveals that the splicing inhibitor Isoginkgetin blocks transcription elongation GSE86857_25",-1.78113056211563e-08,8.67505030515162
"A total RNA-Seq screen reveals that the splicing inhibitor Isoginkgetin blocks transcription elongation GSE86857_28",-1.78113056211563e-08,8.67505030515162
"A total RNA-Seq screen reveals that the splicing inhibitor Isoginkgetin blocks transcription elongation GSE86857_29",-1.78113056211563e-08,8.67505030515162
"Rare cell variability and drug-induced reprogramming as a mode of cancer drug resistance [RNA-seq] GSE97679_4",-1.78113056211563e-08,8.67505030515162
"Identify the master regulator of ILT3.Fc induced perturbation in Jurkat cells GSE106147_1",-1.78113056211563e-08,8.67505030515162
"Transcriptional Modulation of Human Endogenous Retroviruses in Primary CD4+ T Cells Following Vorinostat Treatment GSE102187_1",-1.78113056211563e-08,8.67505030515162
"A Brain Penetrant Mutant IDH1 Inhibitor Provides In Vivo Survival Benefit GSE105447_1",-1.78113056211563e-08,8.67505030515162
"Variable gene expression and parasite load predict treatment outcome in cutaneous leishmaniasis GSE127831_1",-1.78113056211563e-08,8.67505030515162
"Expression profiling of IL-13 stimulated PBMCs with and without an IL-13R antagonist GSE79027_1",-1.78113056211563e-08,8.67505030515162
"Dynamic induction of drug resistance through a stress-responsive enhancer in acute myeloid leukemia [RNA-seq] GSE131823_1",-1.78113056211563e-08,8.67505030515162
"Evolving Spindlin1 Small Molecule Inhibitors Using Protein Microarrays GSE92547_1",-1.78113056211563e-08,8.67505030515162
"Comprehensive transcriptome analysis of human myofibroblasts with/without the JQ-1 treatment [mRNA] GSE140476_1",-1.78113056211563e-08,8.67505030515162
"IGF2BP1 is a druggable, post-transcriptional super-enhancer of E2F-driven gene expression hallmark in cancer [IGF2BP1 KD in HepG2 (polyA RNA)] GSE146802_1",-1.78113056211563e-08,8.67505030515162
"IGF2BP1 is a druggable, post-transcriptional super-enhancer of E2F-driven gene expression hallmark in cancer [IGF2BP1 KD in MV3 (total RNA)] GSE146803_1",-1.78113056211563e-08,8.67505030515162
"Illumina RNA-seq of Human rhabdomyosarcoma Rh36 cell mouse xenograft tumors: effect of RITA, GANT61 and RITA/GANT61 combination treatments on xenograft tumor growth GSE161235_2",-1.78113056211563e-08,8.67505030515162
"Illumina RNA-seq of Human rhabdomyosarcoma Rh36 cell mouse xenograft tumors: effect of RITA, GANT61 and RITA/GANT61 combination treatments on xenograft tumor growth GSE161235_3",-1.78113056211563e-08,8.67505030515162
"RNAi profiling of primary human AML cells identifies ROCK1 as a therapeutic target and nominates Fasudil as an anti-leukemic drug. GSE68925_1",-1.78113056211563e-08,8.67505030515162
"24hr CA treatment vs. DMSO in HCT116 cells (from 'Identification of CDK8 and CDK19 substrates in human cells using cortistatin A and quantitative phosphoproteomics') GSE78506_1",-1.78113056211563e-08,8.67505030515162
"Genome-wide profiling of differentially spliced mRNA resulting from prenatal alcohol exposure in human cerebral cortex GSE86006_1",-1.78113056211563e-08,8.67505030515162
"miRNAs affected by antagomiR-17 treatment GSE76663_1",-1.78113056211563e-08,8.67505030515162
"Combined Cohesin-Runx1 Deficiency Synergistically Perturbs Chromatin Looping and Causes Myelodysplastic Syndromes [RNA-seq] GSE131581_3",-1.78113056211563e-08,8.67505030515162
"Effect of estrogen (E2) treatment on the C4-12 relative to the MCF7 cells GSE114260_1",-1.78113056211563e-08,8.67505030515162
"Global transcriptional changes in the JJN3 myeloma cell line that occur as a result of treatment with 2 pyrrolobenzodiazepine (PBD) monomers GSE125395_1",-1.78113056211563e-08,8.67505030515162
"Transcriptomes of human monocytes from patients with familial hypercholesterolemia before and after statin treatment GSE126352_1",-1.78113056211563e-08,8.67505030515162
"RNA Sequencing Facilitates Quantitative Analysis of Transcriptomes of H1 derived cells with or without IWP2 treatment at Day2 after human early hematopoietic differentiation . GSE134910_1",-1.78113056211563e-08,8.67505030515162
"PT2385 HIF2A inhibitor treatment of patient derived orthotopic xenograft neuroblastoma cells in the presence or absence of hypoxia GSE135487_1",-1.78113056211563e-08,8.67505030515162
"RNA-sequencing of CWR22Rv1 cell line following shRNF8 and DHT treatment GSE149581_1",-1.78113056211563e-08,8.67505030515162
"Ethanol exposure drives colon location-specific cell composition changes in a normal colon crypt 3D organoid model GSE150027_1",-1.78113056211563e-08,8.67505030515162
"XX-650-23, an inhibitor of CREB-CBP interaction, effect on acute myeloid leukemia cell line GSE74928_1",0,8.68650056494367
"Messenger RNA expression after MK2206/DMSO treatment of T47D cells GSE80591_1",0,8.68650056494367
"Transcriptome analysis of HEK 293 cells after treatment with Quinolinol B23 GSE130876_1",0,8.68650056494367
"Novel KDM1A inhibitors induce differentiation and apoptosis of glioma stem cells via unfolded protein response (UPR) pathway GSE84603_1",0,8.68650056494367
"RNAseq of normal associate fibroblasts after treatment with large oncosomes from prostate cancer cells GSE87563_1",0,8.68650056494367
"High-Throughput Screening of Human Induced Pluripotent Stem Cell Cardiomyocytes Predicts Tyrosine Kinase Inhibitor Cardiotoxicity GSE88944_1",0,8.68650056494367
"Agonistic targeting of TLR1/TLR2 induces p38 MAPK-dependent apoptosis and NfkB-dependent differentiation of AML cells GSE92744_1",0,8.68650056494367
"Self-organized cerebral organoids with human specific features predict effective drugs to combat Zika virus infection [RNA-seq] GSE97919_1",0,8.68650056494367
"Effect of digoxin treatment on the gene and alternative splice expression in human pluripotent stem cells- derived mesenchymal stem cells GSE99944_1",0,8.68650056494367
"Transcriptome sequencing of human coronary artery smooth muscle cell under treatment of nitrated fatty acid GSE100676_1",0,8.68650056494367
"Transcriptome analysis of Group 3 and 4 medulloblastoma orthotopic xenograft mice with digoxin treatment GSE115542_1",0,8.68650056494367
"Transcriptome analysis of Group 3 and 4 medulloblastoma orthotopic xenograft mice with digoxin treatment GSE115542_2",0,8.68650056494367
"RNA-seq of eight lymphoblastoid cell lines after AHR ligand treatments GSE116637_1",0,8.68650056494367
"Expression Profiling of U2OS Cell Lines Transfected with MicroRNA-571 Mimic or MicroRNA-571 Inhibitor vs. MicroRNA-Control Transfected U2OS Cell Lines GSE118998_1",0,8.68650056494367
"Gene expression profile of a FLT3-ITD acute myeloid leukemia cell line treated with FLT3 inhibitors for six and twelve hours GSE121272_2",0,8.68650056494367
"Food-derived Compounds Apigenin and Luteolin Modulate mRNA Splicing of Introns with Weak Splice Sites GSE128097_2",0,8.68650056494367
"A USP28-∆Np63 axis is a druggable vulnerability of squamous tumour formation and maintenance GSE129982_1",0,8.68650056494367
"A USP28-∆Np63 axis is a druggable vulnerability of squamous tumour formation and maintenance GSE129982_2",0,8.68650056494367
"RNA sequencing analysis of HCT116 cells following 24 hours of metabolic recovery from methionine restriction +/- small molecule treatment. GSE138574_1",0,8.68650056494367
"RNA sequencing analysis of HCT116 cells following 24 hours of metabolic recovery from methionine restriction +/- small molecule treatment. GSE138574_2",0,8.68650056494367
"Effects of chronic intermittent ethanol exposure and withdrawal on neuroblastoma cell transcriptome GSE139408_1",0,8.68650056494367
"Effects of chronic intermittent ethanol exposure and withdrawal on neuroblastoma cell transcriptome GSE139408_2",0,8.68650056494367
"Identifying and overcoming a mechanism of resistance to Wee1 kinase inhibitor AZD1775 in high grade serous ovarian cancer cells (ES-2) GSE142124_1",0,8.68650056494367
"Identifying and overcoming a mechanism of resistance to Wee1 kinase inhibitor AZD1775 in high grade serous ovarian cancer cells (ES-2) GSE142124_2",0,8.68650056494367
"Evaluation of Eribulin Combined with Irinotecan for Treatment of Pediatric Cancer Xenografts GSE146687_2",0,8.68650056494367
"Global gene expression profiles of cellular response in human induced pluripotent stem cell-derived cardiomyocytes to melphalan treatment GSE150055_1",0,8.68650056494367
"Assessment of transcriptional ERa activity following exposure to 17a-E2 and 17b-E2 GSE151039_1",0,8.68650056494367
"Assessment of transcriptional ERa activity following exposure to 17a-E2 and 17b-E2 GSE151039_2",0,8.68650056494367
"DPN and Tamoxifen treatments of parathyroid adenoma cells GSE37211_2",0,8.68650056494367
"RNA-sequencing experiment: Treatment of MCF-7 breast cancer cells with the novel small molecule ZNA GSE59251_1",0,8.68650056494367
"Identification Of Candidate Anti-Cancer Molecular Mechanisms Of Compound Kushen Injection Using Functional Genomics GSE78512_1",0,8.68650056494367
"Identification Of Candidate Anti-Cancer Molecular Mechanisms Of Compound Kushen Injection Using Functional Genomics GSE78512_2",0,8.68650056494367
"Stimulation of isolated plasmacytoid dendritic cells (pDCs) with TLR9 agonist CpG C (CpG) and TLR7 agonist imiquimod (IMQ) GSE79272_1",0,8.68650056494367
"IGF2BP1 is a druggable, post-transcriptional super-enhancer of E2F-driven gene expression hallmark in cancer [IGF2BP1 KO in A-549 (polyA RNA)] GSE146546_1",0,8.68650056494367
"Transcriptome analysis of dominant-negative Brd4 mutants identifies Brd4-specific target genes of BET inhibitor JQ1 GSE92456_1",0,8.68650056494367
"The CDK7 Inhibitor THZ1 Alters RNA Polymerase Dynamics at the 5’ and 3’ Ends of Genes GSE102243_1",0,8.68650056494367
"The CDK7 Inhibitor THZ1 Alters RNA Polymerase Dynamics at the 5’ and 3’ Ends of Genes GSE102243_3",0,8.68650056494367
"The CDK7 Inhibitor THZ1 Alters RNA Polymerase Dynamics at the 5’ and 3’ Ends of Genes GSE102243_6",0,8.68650056494367
"Synergistic activity of BET inhibitor BI 894999 with PLK inhibitor volasertib in AML in vitro and in vivo GSE103068_2",0,8.68650056494367
"AhR activity directs BRAF inhibitors resistance in metastastic melanoma GSE104869_2",0,8.68650056494367
"AhR activity directs BRAF inhibitors resistance in metastastic melanoma GSE104869_3",0,8.68650056494367
"AhR activity directs BRAF inhibitors resistance in metastastic melanoma GSE104869_4",0,8.68650056494367
"AhR activity directs BRAF inhibitors resistance in metastastic melanoma GSE104869_5",0,8.68650056494367
"RNASeq analysis of NB1691 neuroblastoma cells treated with MDM2-p53 inhibitor RG7388 alone and in combination with temozolomide GSE104917_2",0,8.68650056494367
"RNASeq analysis of NB1691 neuroblastoma cells treated with MDM2-p53 inhibitor RG7388 alone and in combination with temozolomide GSE104917_3",0,8.68650056494367
"A safe inhalational treatment prevents SARS–CoV-2 viral replication in human airway epithelial cells. GSE150962_1",0,8.68650056494367
"A cell-permeable stapled peptide inhibitor of the estrogen receptor/coactivator interaction GSE108308_5",0,8.68650056494367
"Synergy from Gene Expression and Network Mining (SynGeNet) method predicts genotype-specific synergistic drug combinations in melanoma GSE109731_1",0,8.68650056494367
"Synergy from Gene Expression and Network Mining (SynGeNet) method predicts genotype-specific synergistic drug combinations in melanoma GSE109731_2",0,8.68650056494367
"Synergy from Gene Expression and Network Mining (SynGeNet) method predicts genotype-specific synergistic drug combinations in melanoma GSE109731_3",0,8.68650056494367
"RNA sequencing of HepG2 cells treated with estradiol or estrogen receptor agonist GSE112983_1",0,8.68650056494367
"RNA-Seq with DHT induction and/or GSK treatment at 24, 48 hrs and 2 weeks GSE114267_1",0,8.68650056494367
"RNA-Seq with DHT induction and/or GSK treatment at 24, 48 hrs and 2 weeks GSE114267_5",0,8.68650056494367
"The PPAR agonist Rosiglitazone induces paracrine signaling in melanoma cells that activate stromal cells and enhances tumor growth. GSE115221_1",0,8.68650056494367
"The PPAR agonist Rosiglitazone induces paracrine signaling in melanoma cells that activate stromal cells and enhances tumor growth. GSE115221_3",0,8.68650056494367
"Transcriptional profiling of Ishikawa cells treated with H3B-5942, E2, or standard of care compounds GSE115608_1",0,8.68650056494367
"Transcriptional profiling of Ishikawa cells treated with H3B-5942, E2, or standard of care compounds GSE115608_2",0,8.68650056494367
"Transcriptional profiling of Ishikawa cells treated with H3B-5942, E2, or standard of care compounds GSE115608_4",0,8.68650056494367
"Transcriptional profiling of MCF7 cells treated with H3B05942, E2, or standard of care compounds GSE115609_2",0,8.68650056494367
"Transcriptional profiling of MCF7 cells treated with H3B05942, E2, or standard of care compounds GSE115609_3",0,8.68650056494367
"Effects of HSP90 inhibitors on airway goblet cell metaplasia GSE116927_2",0,8.68650056494367
"Effects of HSP90 inhibitors on airway goblet cell metaplasia GSE116927_4",0,8.68650056494367
"Intermittent Drug Treatment of BRAFV600E Melanoma Cells Delays Resistance by Sensitizing Cells to Rechallenge GSE117123_1",0,8.68650056494367
"Intermittent Drug Treatment of BRAFV600E Melanoma Cells Delays Resistance by Sensitizing Cells to Rechallenge GSE117123_2",0,8.68650056494367
"Intermittent Drug Treatment of BRAFV600E Melanoma Cells Delays Resistance by Sensitizing Cells to Rechallenge GSE117123_3",0,8.68650056494367
"Intermittent Drug Treatment of BRAFV600E Melanoma Cells Delays Resistance by Sensitizing Cells to Rechallenge GSE117123_5",0,8.68650056494367
"Intermittent Drug Treatment of BRAFV600E Melanoma Cells Delays Resistance by Sensitizing Cells to Rechallenge GSE117123_6",0,8.68650056494367
"SUM52PE treated with PI3K-mTOR inhibitors GSE123740_1",0,8.68650056494367
"SUM52PE treated with PI3K-mTOR inhibitors GSE123740_2",0,8.68650056494367
"SUM52PE treated with PI3K-mTOR inhibitors GSE123740_4",0,8.68650056494367
"Combined MEKi (GDC-0973) and WNT (G007-LK) treatment in APC and KRAS mutant HCT-15 cell line GSE123807_1",0,8.68650056494367
"Combined MEKi (GDC-0973) and WNT (G007-LK) treatment in APC and KRAS mutant HCT-15 cell line GSE123807_2",0,8.68650056494367
"RNA-seq of HL-60 cells following treatment with different compounds GSE124422_2",0,8.68650056494367
"RNA-seq of HL-60 cells following treatment with different compounds GSE124422_4",0,8.68650056494367
"RNA-seq of HL-60 cells following treatment with different compounds GSE124422_5",0,8.68650056494367
"RNA-seq of HL-60 cells following treatment with different compounds GSE124422_6",0,8.68650056494367
"Targeting HuH7 cells with JumonjiC Lysine Demethylase Inhibitors and RAC1 inhibitors (RNA-Seq) GSE125518_1",0,8.68650056494367
"Targeting HuH7 cells with JumonjiC Lysine Demethylase Inhibitors and RAC1 inhibitors (RNA-Seq) GSE125518_2",0,8.68650056494367
"Targeting HuH7 cells with JumonjiC Lysine Demethylase Inhibitors and RAC1 inhibitors (RNA-Seq) GSE125518_3",0,8.68650056494367
"Targeting HuH7 cells with JumonjiC Lysine Demethylase Inhibitors and RAC1 inhibitors (RNA-Seq) GSE125518_4",0,8.68650056494367
"HDAC inhibition enhances the in vivo efficacy of MEK inhibitor therapy in uveal melanoma GSE127948_1",0,8.68650056494367
"HDAC inhibition enhances the in vivo efficacy of MEK inhibitor therapy in uveal melanoma GSE127948_2",0,8.68650056494367
"Drug combination of 17-AAG and Belinostat on MDA-MB-231 breast cancer cells GSE129944_1",0,8.68650056494367
"Drug combination of 17-AAG and Belinostat on MDA-MB-231 breast cancer cells GSE129944_2",0,8.68650056494367
"Human pulmonary artery endothelial cells  (hPAECs) with downregulated BMPR2 signaling demonstrate a unique gene expression signature after exposure to overexpression of AdAlox5 GSE133749_1",0,8.68650056494367
"Human pulmonary artery endothelial cells  (hPAECs) with downregulated BMPR2 signaling demonstrate a unique gene expression signature after exposure to overexpression of AdAlox5 GSE133749_2",0,8.68650056494367
"Human pulmonary artery endothelial cells  (hPAECs) with downregulated BMPR2 signaling demonstrate a unique gene expression signature after exposure to overexpression of AdAlox5 GSE133749_3",0,8.68650056494367
"Human pulmonary artery endothelial cells  (hPAECs) with downregulated BMPR2 signaling demonstrate a unique gene expression signature after exposure to overexpression of AdAlox5 GSE133749_4",0,8.68650056494367
"Gene expression profiles in HMC3 cells after exposure to ketamine or its active metabolites: 2R6R-HNK and 2S6S-HNK GSE134782_1",0,8.68650056494367
"Gene expression profiles in HMC3 cells after exposure to ketamine or its active metabolites: 2R6R-HNK and 2S6S-HNK GSE134782_4",0,8.68650056494367
"Gene expression profiles in HMC3 cells after exposure to ketamine or its active metabolites: 2R6R-HNK and 2S6S-HNK GSE134782_6",0,8.68650056494367
"Gene expression profiles in HMC3 cells after exposure to ketamine or its active metabolites: 2R6R-HNK and 2S6S-HNK GSE134782_7",0,8.68650056494367
"Effect of venetoclax, tedizolid, and combination treatment on gene expression in a venetoclax-resistant AML cell line GSE136032_1",0,8.68650056494367
"Effective FTO inhibitors with potent anti-tumor efficacy suppress cancer stem/initiating cell self-renewal and overcome immune evasion GSE136204_1",0,8.68650056494367
"Multi-treatment models for breast cancer GSE136823_2",0,8.68650056494367
"Multi-treatment models for breast cancer GSE136823_3",0,8.68650056494367
"Multi-treatment models for breast cancer GSE136823_4",0,8.68650056494367
"Multi-treatment models for breast cancer GSE136823_7",0,8.68650056494367
"Caco2 response to methotrexate, lactoferrin, and methotrexate-lactoferrin co-exposure GSE140066_1",0,8.68650056494367
"Caco2 response to methotrexate, lactoferrin, and methotrexate-lactoferrin co-exposure GSE140066_3",0,8.68650056494367
"A novel RAF kinase inhibitor with DFG-out binding mode: high efficacy in BRAF-mutant tumor xenograft models in the absence of normal tissue hyperproliferation GSE74729_1",0,8.68650056494367
"Genes regulated by COUP-TFII inhibitor GSE142475_1",0,8.68650056494367
"Genes regulated by COUP-TFII inhibitor GSE142475_2",0,8.68650056494367
"Transcriptional responses to TNF following HFl treatment of primary rheumatoid arthritis fibroblast like synoviocytes (RA-FLS) GSE145204_2",0,8.68650056494367
"Expression analysis after co-treatment of GSK126 and pomalidomide GSE147320_1",0,8.68650056494367
"Expression analysis after co-treatment of GSK126 and pomalidomide GSE147320_3",0,8.68650056494367
"RNA-seq analysis of human KMT2A rearranged Molm14 AML cell line treated with DOT1L and/or EZH2 inhibitor GSE149520_1",0,8.68650056494367
"RNA-seq analysis of human KMT2A rearranged Molm14 AML cell line treated with DOT1L and/or EZH2 inhibitor GSE149520_2",0,8.68650056494367
"RNA-seq analysis of human KMT2A rearranged Molm14 AML cell line treated with DOT1L and/or EZH2 inhibitor GSE149520_3",0,8.68650056494367
"RNA-seq of HCC1428 LTED breast cancer cell line post ligand treatment GSE154058_2",0,8.68650056494367
"RNA Sequencing facilitates quantitative analysis of differently expressed genes with GA or SKN treatment in rheumatoid fibroblast-like synoviocytes GSE155766_3",0,8.68650056494367
"Effect of BET bromodomain inhibitor and/or mTOR inhibitor on transcriptome of small cell lung cancer patient-derived xenograft LX95 tumors GSE155923_1",0,8.68650056494367
"Effect of BET bromodomain inhibitor and/or mTOR inhibitor on transcriptome of small cell lung cancer patient-derived xenograft LX95 tumors GSE155923_2",0,8.68650056494367
"Effect of BET bromodomain inhibitor and/or mTOR inhibitor on transcriptome of small cell lung cancer patient-derived xenograft LX95 tumors GSE155923_3",0,8.68650056494367
"HDAC inhibitors result in widespread alteration of the histone acetylation landscape and BRD4 targeting to gene bodies  GSE159620_3",0,8.68650056494367
"EZH2 inhibitor efficacy in non-Hodgkin lymphoma does not require suppression of H3K27 mono-methylation [RNA-Seq] GSE62056_1",0,8.68650056494367
"EZH2 inhibitor efficacy in non-Hodgkin lymphoma does not require suppression of H3K27 mono-methylation [RNA-Seq] GSE62056_2",0,8.68650056494367
"EZH2 inhibitor efficacy in non-Hodgkin lymphoma does not require suppression of H3K27 mono-methylation [RNA-Seq] GSE62056_3",0,8.68650056494367
"Distinct gene regulatory programs define the inhibitory effects of LXRs and PPARG on cancer cell proliferation GSE77039_3",0,8.68650056494367
"Gene expression analysis of C4-2 cells treated with ACLY inhibitor and Enzalutamide GSE81796_3",0,8.68650056494367
"A total RNA-Seq screen reveals that the splicing inhibitor Isoginkgetin blocks transcription elongation GSE86857_1",0,8.68650056494367
"A total RNA-Seq screen reveals that the splicing inhibitor Isoginkgetin blocks transcription elongation GSE86857_2",0,8.68650056494367
"A total RNA-Seq screen reveals that the splicing inhibitor Isoginkgetin blocks transcription elongation GSE86857_3",0,8.68650056494367
"A total RNA-Seq screen reveals that the splicing inhibitor Isoginkgetin blocks transcription elongation GSE86857_4",0,8.68650056494367
"A total RNA-Seq screen reveals that the splicing inhibitor Isoginkgetin blocks transcription elongation GSE86857_5",0,8.68650056494367
"A total RNA-Seq screen reveals that the splicing inhibitor Isoginkgetin blocks transcription elongation GSE86857_6",0,8.68650056494367
"A total RNA-Seq screen reveals that the splicing inhibitor Isoginkgetin blocks transcription elongation GSE86857_7",0,8.68650056494367
"A total RNA-Seq screen reveals that the splicing inhibitor Isoginkgetin blocks transcription elongation GSE86857_9",0,8.68650056494367
"A total RNA-Seq screen reveals that the splicing inhibitor Isoginkgetin blocks transcription elongation GSE86857_10",0,8.68650056494367
"A total RNA-Seq screen reveals that the splicing inhibitor Isoginkgetin blocks transcription elongation GSE86857_11",0,8.68650056494367
"A total RNA-Seq screen reveals that the splicing inhibitor Isoginkgetin blocks transcription elongation GSE86857_15",0,8.68650056494367
"A total RNA-Seq screen reveals that the splicing inhibitor Isoginkgetin blocks transcription elongation GSE86857_16",0,8.68650056494367
"A total RNA-Seq screen reveals that the splicing inhibitor Isoginkgetin blocks transcription elongation GSE86857_17",0,8.68650056494367
"A total RNA-Seq screen reveals that the splicing inhibitor Isoginkgetin blocks transcription elongation GSE86857_18",0,8.68650056494367
"A total RNA-Seq screen reveals that the splicing inhibitor Isoginkgetin blocks transcription elongation GSE86857_19",0,8.68650056494367
"A total RNA-Seq screen reveals that the splicing inhibitor Isoginkgetin blocks transcription elongation GSE86857_22",0,8.68650056494367
"A total RNA-Seq screen reveals that the splicing inhibitor Isoginkgetin blocks transcription elongation GSE86857_26",0,8.68650056494367
"A total RNA-Seq screen reveals that the splicing inhibitor Isoginkgetin blocks transcription elongation GSE86857_27",0,8.68650056494367
"Development of a selective CDK9 degrader from a multi-targeted CDK inhibitor [RNA-seq] GSE89385_3",0,8.68650056494367
"Rare cell variability and drug-induced reprogramming as a mode of cancer drug resistance [RNA-seq] GSE97679_1",0,8.68650056494367
"Rare cell variability and drug-induced reprogramming as a mode of cancer drug resistance [RNA-seq] GSE97679_2",0,8.68650056494367
"Rare cell variability and drug-induced reprogramming as a mode of cancer drug resistance [RNA-seq] GSE97679_3",0,8.68650056494367
"Rare cell variability and drug-induced reprogramming as a mode of cancer drug resistance [RNA-seq] GSE97679_5",0,8.68650056494367
"Rare cell variability and drug-induced reprogramming as a mode of cancer drug resistance [RNA-seq] GSE97679_6",0,8.68650056494367
"Variation of human neural stem cells generating organizer states in vitro before committing to cortical excitatory or inhibitory neuronal fates [human RNAseq #1] GSE144156_1",0,8.68650056494367
"RNA sequencing of human marcrophages treated with lipopolysaccharide (LPS) for 8 hours, with or without BCAT1 inhibitor (ERG240) GSE148701_1",0,8.68650056494367
"Integration of metabolomics and transcriptomic expression profiling discloses pivotal role of arachidonic acid metabolism pathway in response to acute hypoxia exposure GSE103940_1",0,8.68650056494367
"Next Generation Sequencing Facilitates Quantitative Analysis of transcriptomes of human cord blood CD34+ cells treated with HDAC5 inhibitor GSE110736_1",0,8.68650056494367
"RNA-seq of HBV-infected Primary Human Hepatocytes treatment by Tazarotene GSE114003_1",0,8.68650056494367
"RNA sequencing of COH29 treatment in C4-2 cells GSE117921_1",0,8.68650056494367
"Gene expression profiling U87 cells knocking down Glud1 under low glucose treatment GSE121580_1",0,8.68650056494367
"Loss of the FAT1 tumor suppressor promotes resistance to CDK4/6 inhibitors via the Hippo pathway GSE122088_1",0,8.68650056494367
"The study of the role of POU3F2 in response to UVB treatment GSE124761_1",0,8.68650056494367
"A novel CRISPR-engineered prostate cancer cell line defines the AR-V transcriptome and identifies PARP inhibitor sensitivities. GSE126306_1",0,8.68650056494367
"Integrated high-throughput screen to identify novel treatment leads for pediatric acute myeloid leukemia (AML) GSE126489_1",0,8.68650056494367
"Subcellular pathways shared by afflicted patients and mutant mice identify a new drug treatment for aortic aneurysm in Marfan syndrome GSE128101_1",0,8.68650056494367
"IL-11 neutralising therapies for the treatment of nonalcoholic steatohepatitis GSE128940_1",0,8.68650056494367
"Patient-derived xenograft models of non-small cell lung cancer for evaluating targeted drug sensitivity and resistance GSE130160_1",0,8.68650056494367
"Expression profiling of IL-13 stimulated PBMCs with and without an IL-13R antagonist GSE79027_2",0,8.68650056494367
"Gene expression profile in Caco-2 cells upon co-treatment with lovastatin and selective AHR ligands GSE130234_1",0,8.68650056494367
"RNA sequencing in human GBM stem cells with Myc knockdown and PARP inhibitor treatment GSE131218_1",0,8.68650056494367
"Evolving Spindlin1 Small Molecule Inhibitors Using Protein Microarrays GSE92547_2",0,8.68650056494367
"Treatment of melanoma cell lines with CCG-222740 GSE134320_1",0,8.68650056494367
"Human induced pluripotent stem cell-derived vocal fold mucosa mimics development and responses to smoke exposure GSE135548_1",0,8.68650056494367
"Long-term Y-27632 treatment promotes senescence of primary human dermal fibroblasts by increasing IGFBP-5 GSE135934_1",0,8.68650056494367
"The BET inhibitor CPI203 promotes ex-vivo expansion of long-term repopulating human hematopoietic stem cells and megakaryocyte GSE140813_1",0,8.68650056494367
"High-dose Ascorbic acid synergizes with anti-PD1 in a Lymphoma mouse model GSE141444_1",0,8.68650056494367
"Sequencing of mRNA in AML cells upon ALKBH5 knockdown and actinomycin D treatment for different time GSE144959_1",0,8.68650056494367
"Mechanistic basis and efficacy of targeting Beta Catenin-TCF7L2-JMJD6-MYC Axis to overcome resistance to BET inhibitors [no drug] GSE145275_1",0,8.68650056494367
"IGF2BP1 is a druggable, post-transcriptional super-enhancer of E2F-driven gene expression hallmark in cancer [IGF2BP1 KD in A549 (polyA RNA)] GSE146547_1",0,8.68650056494367
"Gene expression profiling of human DLD-1 cells after block of CRM1 receptor with Leptomycin B inhibitor. GSE148560_1",0,8.68650056494367
"Transcriptome analysis identifies Doublesex and Mab-3 Related Transcription Factor (DMRT3) in nasal polyp epithelial cells of patients suffering from Nonsteroidal anti-inflammatory drugs-  Exacerbated Respiratory Disease (N-ERD) GSE158277_1",0,8.68650056494367
"Abraxane, the Nanoparticle Formulation of Paclitaxel can Induce Drug Resistance by Up-regulation of P-gp GSE56742_1",0,8.68650056494367
"Treatment of multiple myeloma cells with EZH2 small molecule inhibitor GSE57478_1",0,8.68650056494367
"Illumina RNA-seq of Human rhabdomyosarcoma Rh36 cell mouse xenograft tumors: effect of RITA, GANT61 and RITA/GANT61 combination treatments on xenograft tumor growth GSE161235_1",0,8.68650056494367
"Altering cancer transcriptomes using epigenomic inhibitors [RNA-Seq] GSE63776_1",0,8.68650056494367
"Expression changes in Melanomas pre MAPKi treatment vs. on MAPKi treatment GSE75313_1",0,8.68650056494367
"A novel compound that blocks HIV-1 replication inhibits the splicing regulatory function of SRSF10 GSE76947_1",0,8.68650056494367
"Effects of Belinostat and Dexamethasone treatment of A549 gene expression GSE96649_1",0,8.68650056494367
"Merkel cell polyomavirus small T antigen promotes pro-glycolytic metabolic perturbations required for transformation GSE79968_1",0,8.68650056494367
"Effects of Belinostat and Dexamethasone treatment of A549 gene expression GSE96649_2",0,8.68650056494367
"RNAseq transcriptomic profile of glioblastoma stem-like cells derived from U87MG cell line treated with a selective A3 adenosine receptor antagonist (MRS1220) under hypoxia GSE100146_1",0,8.68650056494367
"Genome-wide transcriptional profiles for the GSK3α selective inhibitor BRD0507 and for the GSK3α/β dual inhibitor BRD0320 GSE109985_1",0,8.68650056494367
"Transcriptomic-based functional characterization of adverse events following lymphatic filariasis treatment GSE110146_1",0,8.68650056494367
"Transcriptional changes in the breast cancer cell line MCF7 rendered resistant to the cationic drug siramesine GSE130363_1",0,8.68650056494367
"Identifying and overcoming a mechanism of resistance to Wee1 kinase inhibitor AZD1775 in high grade serous ovarian cancer cells (OVCAR8) GSE141990_1",0,8.68650056494367
"Identification of Lead Drug Candidates for COVID-19 based on Drug Screening Using Human Pluripotent Stem Cell-Derived Cells/Organoids GSE148697_1",0,8.68650056494367
"Low-dose decitabine modulates T cell homeostasis and restores immune tolerance in immune thrombocytopenia GSE154703_1",0,8.68650056494367
"CHK1 Inhibitor Blocks Phosphorylation of FAM122A and Promotes Replication Stress GSE158338_1",0,8.68650056494367
"Expression profiling of MCF-7 cells with 10nM treatment of TCDD GSE76608_1",0,8.68650056494367
"Safety and Efficacy of the JAK Inhibitor Tofacitinib Citrate for Alopecia Areata and Variants GSE80688_1",0,8.68650056494367
"Effect daunorubicin treatment on the transcriptome of HCT116 cells [RNA-seq] GSE86190_1",0,8.68650056494367
"RNAseq study of synovial biopsies after triple DMARD treatment GSE97165_1",0,8.68650056494367
"Acne flare-up in treatment process: investigating the difference of gene expression in peripheral blood GSE124389_1",0,8.68650056494367
"Acne flare-up in treatment process: investigating the difference of gene expression in peripheral blood GSE124389_2",0,8.68650056494367
"Epigenomes and transcriptomes of human monocytes before and after in vivo exposure to Bacillus Calmette-Guérin vaccine GSE104149_1",0,8.68650056494367
"Treatment of SW480 colon cancer cell induced xenografts with AZD and DBZ GSE98922_1",0,8.68650056494367
"Treatment of SW480 colon cancer cell induced xenografts with AZD and DBZ GSE98922_2",0,8.68650056494367
"RNA-seq of human foreskin fibroblast cells lacking RB and/or p130 after doxorubicin treatment GSE128711_1",0,8.68650056494367
"RNA-seq of human foreskin fibroblast cells lacking RB and/or p130 after doxorubicin treatment GSE128711_2",0,8.68650056494367
"Combined Cohesin-Runx1 Deficiency Synergistically Perturbs Chromatin Looping and Causes Myelodysplastic Syndromes [RNA-seq] GSE131581_1",0,8.68650056494367
"Combined Cohesin-Runx1 Deficiency Synergistically Perturbs Chromatin Looping and Causes Myelodysplastic Syndromes [RNA-seq] GSE131581_2",0,8.68650056494367
"Distinct mechanisms of acquired resistance to oncogenic kinase inhibition in cancer cells revealed using a single-step, high-dose selection scheme GSE137290_1",0,8.68650056494367
"Distinct mechanisms of acquired resistance to oncogenic kinase inhibition in cancer cells revealed using a single-step, high-dose selection scheme GSE137290_2",0,8.68650056494367
"Distinct mechanisms of acquired resistance to oncogenic kinase inhibition in cancer cells revealed using a single-step, high-dose selection scheme GSE137290_3",0,8.68650056494367
"Distinct mechanisms of acquired resistance to oncogenic kinase inhibition in cancer cells revealed using a single-step, high-dose selection scheme GSE137290_5",0,8.68650056494367
"Tumor and gut biopsies from refractory metastatic melanoma patients before and after treatment with fecal microbiota transplantation (FMT) and anti-PD-1 re-induction (Baruch et al, Science 2020) GSE162436_1",0,8.68650056494367
"Tumor and gut biopsies from refractory metastatic melanoma patients before and after treatment with fecal microbiota transplantation (FMT) and anti-PD-1 re-induction (Baruch et al, Science 2020) GSE162436_2",0,8.68650056494367
"Tumor and gut biopsies from refractory metastatic melanoma patients before and after treatment with fecal microbiota transplantation (FMT) and anti-PD-1 re-induction (Baruch et al, Science 2020) GSE162436_3",0,8.68650056494367
"Covalent inhibitor of the Rho family inhibits the migration of breast cancer cells GSE106605_1",0,8.68650056494367
"Gene expression analysis of human CD8+ T cells treated with a DOT1L inhibitor GSE108694_1",0,8.68650056494367
"Discovery of inhibitors of the HSP90-Calcineurin-NFAT pathway against glioblastoma GSE108749_1",0,8.68650056494367
"RNA-seq of cultured human kidney peritubular microvascular endothelial cells following exposure to cyclosporine A GSE108919_1",0,8.68650056494367
"transcriptome studies of BRD4 inhibitor BDF-1253 on renal clear carcinoma 786-O cells GSE109870_1",0,8.68650056494367
"Evaluation of HSP90 inhibitor expsosure on Immune Cell Gene Expression GSE113465_1",0,8.68650056494367
"Pro-inflammatory cytokine and high doses of ionizing radiation have similar effects on the expression of NF-kappaB-dependent genes GSE110387_1",0,8.68650056494367
"Acquired resistance to MEK-CDK4/6 inhibitor combinations in cutaneous melanoma GSE111005_1",0,8.68650056494367
"Transcriptomics-based drug repurposing approach identifies novel drugs against sorafenib-resistant hepatocellular carcinoma GSE113005_1",0,8.68650056494367
"Regulation of mRNA half-life by an inhibitor of human decapping enzyme Dcp2 following transcription shutoff in HEK293T cells GSE114781_1",0,8.68650056494367
"Dynamic gene expression in T-ALL following treatment and release of gamma-secretase inhibition [GRO-Seq] GSE115894_1",0,8.68650056494367
"BCL6 confers KRAS-mutant NSCLCs resistance to BET inhibitors GSE118645_1",0,8.68650056494367
"Molecular mechanism impacted by circadian disruption underscores the importance of timed anti-cancer treatment GSE119668_1",0,8.68650056494367
"Epigenetic reprogramming of melanoma cells by vitamin C treatment GSE121095_1",0,8.68650056494367
"Phosphatase inhibitor PPP1R11 modulates resistance of human T cells towards Treg-mediated suppression of TCR signaling GSE124757_1",0,8.68650056494367
"Newly defined ABCB5+ dermal mesenchymal stem cells promote healing of chronic iron overload wounds via secretion of interleukin-1 receptor antagonist GSE125829_1",0,8.68650056494367
"Blocking expression of inhibitory receptor NKG2A overcomes tumor resistance to NK cells GSE127081_1",0,8.68650056494367
"Neuronal deletion of Gtf2i, associated with Williams syndrome, causes behavioural and myelin alterations rescuable by a remyelinating drug [human] GSE128840_1",0,8.68650056494367
"Transcriptome-wide effect profile of HuR inhibitor KH-3 GSE129362_1",0,8.68650056494367
"Novel analogs of the Quassinoid family inhibitor for treatment of hematologic malignancies GSE130728_1",0,8.68650056494367
"CD34+ AML cells with low mitochondrial activity show increased expression of stemness-genes and can be targeted by the BCL-2 inhibitor Venetoclax GSE131422_1",0,8.68650056494367
"Whole transcriptome analysis of human kidney cells after exposure to Ochratoxin A GSE133831_1",0,8.68650056494367
"Transcriptional responses of human insulinoma cells to acute cytokine exposure GSE134122_1",0,8.68650056494367
"An atheroprotective transcriptome induced by JQ1 (a BRD4 inhibitor) in human endothelial cells GSE137500_1",0,8.68650056494367
"Transciptome analysis of human aortic smooth muscle cells (HASMCs) with 2-hydroxypropyl-β-cyclodextrin (HPbCD) treatment GSE137576_1",0,8.68650056494367
"Regulation of the error-prone DNA polymerase polκ by oncogenic signaling and its contribution to drug resistance GSE145313_1",0,8.68650056494367
"IGF2BP1 is a druggable, post-transcriptional super-enhancer of E2F-driven gene expression hallmark in cancer [E2F1-3 KD in PANC-1 (polyA RNA)] GSE146804_1",0,8.68650056494367
"IGF2BP1 is a druggable, post-transcriptional super-enhancer of E2F-driven gene expression hallmark in cancer [IGF2BP1 KD in PANC-1 (total RNA)] GSE146805_1",0,8.68650056494367
"IGF2BP1 is a druggable, post-transcriptional super-enhancer of E2F-driven gene expression hallmark in cancer [METTL KD in PANC-1 (polyA RNA)] GSE146806_1",0,8.68650056494367
"Allosteric HSP70 inhibitors perturb mitochondrial proteostasis and overcome proteasome inhibitor resistance in multiple myeloma GSE148659_1",0,8.68650056494367
"Transcriptional response of fibronectin fragment treatment in human articular chondrocytes GSE150411_1",0,8.68650056494367
"SARS-CoV-2 infection of primary human lung epithelium for COVID-19 modeling and drug discovery GSE155518_1",0,8.68650056494367
"RNA-Seq of U2OS cells with and without IFNα2 pretreatment GSE159280_1",0,8.68650056494367
"Aurora kinase A phosphorylates histone methyltransferase NSD2 to promote drug resistance in multiple myeloma [RNA-Seq] GSE163589_1",0,8.68650056494367
"RNA-seq analysis of dolastatin 15 treatment in HCT116 cells GSE128748_1",0,8.68650056494367
"Hi-seq 2000 sequencing facilitates quantitative analysis of transcriptomes in LNCaP cells with or without SiGATA2 treatment. GSE38393_1",0,8.68650056494367
"SNHG15 is a bifunctional MYC-regulated noncoding locus encoding a lncRNA that promotes cell proliferation, invasion and drug resistance in colorectal cancer by interacting with AIF GSE128998_1",0,8.68650056494367
"GIST cell cycle dysregulation is required for progression to high-risk disease but not for resistance to kinase inhibitors GSE59841_1",0,8.68650056494367
"RNA-sequencing of the GSI treatment of the CUTLL1 cell line GSE61999_1",0,8.68650056494367
"Effect in HCT116 cells of 3hr cortistatin A treatment on gene expression. GSE65030_1",0,8.68650056494367
"Treatment of prostate cancer cells with S-adenosylmethionine leads to genomewide alterations of transcription profiles GSE71070_1",0,8.68650056494367
"THZ1 targeting CDK7 suppresses STAT transcriptional activity and sensitizes T-cell lymphomas to BCL2 inhibitors GSE79955_1",1.78113056211563e-08,8.69795082473572
"Therapeutic utility of natural estrogen receptor beta agonists on ovarian cancer GSE93807_1",1.78113056211563e-08,8.69795082473572
"Effect of ER stress on MUC1 kidney disease patient derived cells and and treatment by BRD4780 GSE129942_2",1.78113056211563e-08,8.69795082473572
"Evaluation of Eribulin Combined with Irinotecan for Treatment of Pediatric Cancer Xenografts GSE146687_1",1.78113056211563e-08,8.69795082473572
"Novel Inhibitors of the Histone-Methyltransferase DOT1L Show Potent Antileukemic Activity in Patient-derived Xenografts (RNA-seq dataset) GSE149184_1",1.78113056211563e-08,8.69795082473572
"Novel Inhibitors of the Histone-Methyltransferase DOT1L Show Potent Antileukemic Activity in Patient-derived Xenografts (RNA-seq dataset) GSE149184_2",1.78113056211563e-08,8.69795082473572
"Global gene expression profiles of cellular response in human induced pluripotent stem cell-derived cardiomyocytes to melphalan treatment GSE150055_2",1.78113056211563e-08,8.69795082473572
"Stimulation of isolated plasmacytoid dendritic cells (pDCs) with TLR9 agonist CpG C (CpG) and TLR7 agonist imiquimod (IMQ) GSE79272_2",1.78113056211563e-08,8.69795082473572
"The CDK7 Inhibitor THZ1 Alters RNA Polymerase Dynamics at the 5’ and 3’ Ends of Genes GSE102243_2",1.78113056211563e-08,8.69795082473572
"The CDK7 Inhibitor THZ1 Alters RNA Polymerase Dynamics at the 5’ and 3’ Ends of Genes GSE102243_4",1.78113056211563e-08,8.69795082473572
"The CDK7 Inhibitor THZ1 Alters RNA Polymerase Dynamics at the 5’ and 3’ Ends of Genes GSE102243_5",1.78113056211563e-08,8.69795082473572
"The CDK7 Inhibitor THZ1 Alters RNA Polymerase Dynamics at the 5’ and 3’ Ends of Genes GSE102243_7",1.78113056211563e-08,8.69795082473572
"RNASeq analysis of NB1691 neuroblastoma cells treated with MDM2-p53 inhibitor RG7388 alone and in combination with temozolomide GSE104917_1",1.78113056211563e-08,8.69795082473572
"A cell-permeable stapled peptide inhibitor of the estrogen receptor/coactivator interaction GSE108308_3",1.78113056211563e-08,8.69795082473572
"A cell-permeable stapled peptide inhibitor of the estrogen receptor/coactivator interaction GSE108308_4",1.78113056211563e-08,8.69795082473572
"RNA sequencing of HepG2 cells treated with estradiol or estrogen receptor agonist GSE112983_2",1.78113056211563e-08,8.69795082473572
"The PPAR agonist Rosiglitazone induces paracrine signaling in melanoma cells that activate stromal cells and enhances tumor growth. GSE115221_2",1.78113056211563e-08,8.69795082473572
"Transcriptional profiling of Ishikawa cells treated with H3B-5942, E2, or standard of care compounds GSE115608_3",1.78113056211563e-08,8.69795082473572
"Transcriptional profiling of Ishikawa cells treated with H3B-5942, E2, or standard of care compounds GSE115608_5",1.78113056211563e-08,8.69795082473572
"Transcriptional profiling of MCF7 cells treated with H3B05942, E2, or standard of care compounds GSE115609_1",1.78113056211563e-08,8.69795082473572
"Effects of HSP90 inhibitors on airway goblet cell metaplasia GSE116927_1",1.78113056211563e-08,8.69795082473572
"HDAC inhibition enhances the in vivo efficacy of MEK inhibitor therapy in uveal melanoma GSE127948_3",1.78113056211563e-08,8.69795082473572
"Drug combination of 17-AAG and Belinostat on MDA-MB-231 breast cancer cells GSE129944_3",1.78113056211563e-08,8.69795082473572
"Effective FTO inhibitors with potent anti-tumor efficacy suppress cancer stem/initiating cell self-renewal and overcome immune evasion GSE136204_2",1.78113056211563e-08,8.69795082473572
"Effective FTO inhibitors with potent anti-tumor efficacy suppress cancer stem/initiating cell self-renewal and overcome immune evasion GSE136204_3",1.78113056211563e-08,8.69795082473572
"Multi-treatment models for breast cancer GSE136823_5",1.78113056211563e-08,8.69795082473572
"Multi-treatment models for breast cancer GSE136823_6",1.78113056211563e-08,8.69795082473572
"RNA-seq of HCC1428 LTED breast cancer cell line post ligand treatment GSE154058_1",1.78113056211563e-08,8.69795082473572
"RNA-seq of HCC1428 LTED breast cancer cell line post ligand treatment GSE154058_3",1.78113056211563e-08,8.69795082473572
"RNA-seq of HCC1428 LTED breast cancer cell line post ligand treatment GSE154058_4",1.78113056211563e-08,8.69795082473572
"RNA-seq of HCC1428 LTED breast cancer cell line post ligand treatment GSE154058_5",1.78113056211563e-08,8.69795082473572
"RNA-seq of HCC1428 LTED breast cancer cell line post ligand treatment GSE154058_6",1.78113056211563e-08,8.69795082473572
"Distinct gene regulatory programs define the inhibitory effects of LXRs and PPARG on cancer cell proliferation GSE77039_2",1.78113056211563e-08,8.69795082473572
"AZ1366: An inhibitor of tankyrase and the canonical Wnt pathway that limits the persistence of non-small cell lung cancer cells following EGFR inhibition GSE80802_1",1.78113056211563e-08,8.69795082473572
"AZ1366: An inhibitor of tankyrase and the canonical Wnt pathway that limits the persistence of non-small cell lung cancer cells following EGFR inhibition GSE80802_2",1.78113056211563e-08,8.69795082473572
"AZ1366: An inhibitor of tankyrase and the canonical Wnt pathway that limits the persistence of non-small cell lung cancer cells following EGFR inhibition GSE80802_3",1.78113056211563e-08,8.69795082473572
"Gene expression analysis of C4-2 cells treated with ACLY inhibitor and Enzalutamide GSE81796_1",1.78113056211563e-08,8.69795082473572
"Gene expression analysis of C4-2 cells treated with ACLY inhibitor and Enzalutamide GSE81796_2",1.78113056211563e-08,8.69795082473572
"A total RNA-Seq screen reveals that the splicing inhibitor Isoginkgetin blocks transcription elongation GSE86857_8",1.78113056211563e-08,8.69795082473572
"A total RNA-Seq screen reveals that the splicing inhibitor Isoginkgetin blocks transcription elongation GSE86857_12",1.78113056211563e-08,8.69795082473572
"A total RNA-Seq screen reveals that the splicing inhibitor Isoginkgetin blocks transcription elongation GSE86857_23",1.78113056211563e-08,8.69795082473572
"A total RNA-Seq screen reveals that the splicing inhibitor Isoginkgetin blocks transcription elongation GSE86857_24",1.78113056211563e-08,8.69795082473572
"Development of a selective CDK9 degrader from a multi-targeted CDK inhibitor [RNA-seq] GSE89385_1",1.78113056211563e-08,8.69795082473572
"Development of a selective CDK9 degrader from a multi-targeted CDK inhibitor [RNA-seq] GSE89385_2",1.78113056211563e-08,8.69795082473572
"Epigenomes and Transcriptomes of human macrophages after ex vivo exposure to mevalonate GSE104227_1",1.78113056211563e-08,8.69795082473572
"RNA-seq of PC3 prostate cancer cell line xenografts in mice administered the ghrelin receptor antagonist [D-Lys3]-GHRP-6 or PBS for two weeks GSE113799_1",1.78113056211563e-08,8.69795082473572
"Transcriptome Analysis Reveals Distinct Responses to Physiologic versus Toxic Manganese Exposure in Human Neuroblastoma Cells GSE129336_1",1.78113056211563e-08,8.69795082473572
"Rescuing over-activated microglia by acetaminophen treatment restores cognitive performance in the Dp(16) mouse model of Down syndrome. GSE137939_1",1.78113056211563e-08,8.69795082473572
"RNA sequencing of pre-treatment primary cervical cancer GSE151666_1",1.78113056211563e-08,8.69795082473572
"Activation of the myeloid checkpoint inhibitor LILRB3 (ILT5) elicits profound immununomodulation GSE151675_1",1.78113056211563e-08,8.69795082473572
"Effects of Belinostat and Dexamethasone treatment of A549 gene expression GSE96649_3",1.78113056211563e-08,8.69795082473572
"Transcriptome of EMT induced MCF10A cells by TGFb treatment or SNAIL S6A expression. GSE89152_1",1.78113056211563e-08,8.69795082473572
"Genome-wide transcriptional profile for the GSK3β selective inhibitor BRD3731 GSE109986_1",1.78113056211563e-08,8.69795082473572
"Potent antitumor activity of Cabozantinib, a c-MET and VEGFR2 Inhibitor, in a Colorectal Cancer Patient-derived Tumor Explant Model GSE60939_1",1.78113056211563e-08,8.69795082473572
"Discovery of pan-Histone Acetyltransferase Inhibitors with Potent Antitumor Activity in vivo GSE104522_1",1.78113056211563e-08,8.69795082473572
"Distinct mechanisms of acquired resistance to oncogenic kinase inhibition in cancer cells revealed using a single-step, high-dose selection scheme GSE137290_4",1.78113056211563e-08,8.69795082473572
"Distinct mechanisms of acquired resistance to oncogenic kinase inhibition in cancer cells revealed using a single-step, high-dose selection scheme GSE137290_6",1.78113056211563e-08,8.69795082473572
"JAK1/2 inhibitor therapy-associated lymphomas in myelofibrosis arising from a pre-existing B-cell clone GSE110219_1",1.78113056211563e-08,8.69795082473572
"GSF1243: RNA-seq data of adipocytes treated with DNMT1 inhibitor, guadecitabine (100nM), for 3 days GSE111305_1",1.78113056211563e-08,8.69795082473572
"Targeting Transcriptional Addiction by a Novel Highly Selective CDK9 Kinase Inhibitor for AML. GSE123287_1",1.78113056211563e-08,8.69795082473572
"Cadmium exposure induces SNAIL1 expression via downregulation of miR-30e in human bronchial epithelial cells GSE128263_1",1.78113056211563e-08,8.69795082473572
"RNA-seq data corresponding to: AZD4573 is a highly selective CDK9 inhibitor that suppresses Mcl-1 and induces apoptosis in hematological cancer cells GSE129012_1",1.78113056211563e-08,8.69795082473572
"Transcriptomic response of LSD1-UTX inhibitor on human breast cancer MCF7 cells GSE130067_1",1.78113056211563e-08,8.69795082473572
"Pattern occupation of HDACs on chromatin determines PI3K/AKT inhibitor resistance in cancers [RNA-seq] GSE137200_1",1.78113056211563e-08,8.69795082473572
"PIM447 treatment in T-ALL PDX splenocytes GSE145165_1",1.78113056211563e-08,8.69795082473572
"mRNA sequencing of human osteoarthritis chondrocytes treated with or without autotaxin inhibitor GSE151937_1",1.78113056211563e-08,8.69795082473572
"Gene expression changes following dihydrotestosterone (DHT) treatment in HCI-009 PDXs GSE152246_1",1.78113056211563e-08,8.69795082473572
"Inhibitory effect of a human microRNA, miR-6133-5p, on the fibrotic activity of hepatic stellate cells in culture GSE158478_1",2.63186704553708e-05,25.6058449692902
"HDAC inhibitors result in widespread alteration of the histone acetylation landscape and BRD4 targeting to gene bodies  GSE159620_1",0.000119239667248843,85.3414744650845
"Inhibition of ERG Activity in Patient Derived Prostate Cancer Xenografts using the Small Molecule Inhibitor YK-4-279 GSE86387_1",0.000151986679139462,100
"Inhibitors of the histone methyltransferases EZH2/1 induce a potent antiviral state and suppress infection by diverse viral pathogens [RNA-Seq] GSE99839_1",0.000305388058083351,100
"Transcriptome sequencing of human coronary artery smooth muscle cell under treatment of nitrated fatty acid GSE100676_2",0.000589511947503578,100
"RNA-seq of eight lymphoblastoid cell lines after AHR ligand treatments GSE116637_2",0.000788876581144726,100
"Synergistic activity of BET inhibitor BI 894999 with PLK inhibitor volasertib in AML in vitro and in vivo GSE103068_3",0.000293735688341836,100
"AhR activity directs BRAF inhibitors resistance in metastastic melanoma GSE104869_1",0.000324752955177392,100
"Global Gene Expression analysis of CUTLL1 cell lines after treatment with Perhexiline GSE66014_1",0.000453836721786462,100
"Human pulmonary artery endothelial cells  (hPAECs) with downregulated BMPR2 signaling demonstrate a unique gene expression signature after exposure to overexpression of AdAlox5 GSE133749_5",0.000538450114617376,100
"Multi-treatment models for breast cancer GSE136823_1",0.000178342400391309,100
"H3K27Ac in MCF7 Y537S ER mutant cells and RNAseq with and without treatment with THZ1 GSE106552_1",0.000452899367235413,100
"The Jumonji-domain histone demethylase inhibitor JIB-04 deregulates oncogenic programs and increases DNA damage in Ewing Sarcoma, resulting in impaired cell proliferation and survival, and reduced tumor growth GSE119832_1",0.000525329547818648,100
